{
  "441bccc7bd3c75d7d3cbd4d079cbd432" : {
    "statistic" : {
      "failed" : 0,
      "broken" : 0,
      "skipped" : 0,
      "passed" : 1,
      "unknown" : 0,
      "total" : 1
    },
    "items" : [ {
      "uid" : "69c539364ef9a794",
      "status" : "passed",
      "time" : {
        "start" : 1658856535440,
        "stop" : 1658856535535,
        "duration" : 95
      }
    } ]
  },
  "10d2afdd8e34d2a1b14ca914505d6a32" : {
    "statistic" : {
      "failed" : 0,
      "broken" : 0,
      "skipped" : 0,
      "passed" : 1,
      "unknown" : 0,
      "total" : 1
    },
    "items" : [ {
      "uid" : "917fab1382f9bf47",
      "status" : "passed",
      "time" : {
        "start" : 1658856534965,
        "stop" : 1658856535055,
        "duration" : 90
      }
    } ]
  },
  "f046fabb39d2b9a4a273387abe624f8f" : {
    "statistic" : {
      "failed" : 0,
      "broken" : 0,
      "skipped" : 0,
      "passed" : 1,
      "unknown" : 0,
      "total" : 1
    },
    "items" : [ {
      "uid" : "a0e85e7732e49200",
      "status" : "passed",
      "time" : {
        "start" : 1658856535625,
        "stop" : 1658856535715,
        "duration" : 90
      }
    } ]
  },
  "fe520166ca63396a31a3e147d74f2b77" : {
    "statistic" : {
      "failed" : 0,
      "broken" : 0,
      "skipped" : 0,
      "passed" : 1,
      "unknown" : 0,
      "total" : 1
    },
    "items" : [ {
      "uid" : "aced0ee3505144d",
      "status" : "passed",
      "time" : {
        "start" : 1658856535350,
        "stop" : 1658856535435,
        "duration" : 85
      }
    } ]
  },
  "3d6e682947aa2d7ccbed921b1f18f499" : {
    "statistic" : {
      "failed" : 0,
      "broken" : 0,
      "skipped" : 0,
      "passed" : 1,
      "unknown" : 0,
      "total" : 1
    },
    "items" : [ {
      "uid" : "e0c53ebcd35de111",
      "status" : "passed",
      "time" : {
        "start" : 1658856535715,
        "stop" : 1658856535815,
        "duration" : 100
      }
    } ]
  },
  "6b0e9c54aeda4f774ded89efdc53f0e2" : {
    "statistic" : {
      "failed" : 0,
      "broken" : 0,
      "skipped" : 0,
      "passed" : 1,
      "unknown" : 0,
      "total" : 1
    },
    "items" : [ {
      "uid" : "622f374637422324",
      "status" : "passed",
      "time" : {
        "start" : 1658856535145,
        "stop" : 1658856535245,
        "duration" : 100
      }
    } ]
  },
  "2fa73d6cdc3c31806c59b5e8afc47de2" : {
    "statistic" : {
      "failed" : 0,
      "broken" : 0,
      "skipped" : 0,
      "passed" : 1,
      "unknown" : 0,
      "total" : 1
    },
    "items" : [ {
      "uid" : "68f7d60a98362217",
      "status" : "passed",
      "time" : {
        "start" : 1658856535255,
        "stop" : 1658856535345,
        "duration" : 90
      }
    } ]
  },
  "d34dc1bdd4f01f05426092c2a5d7dd55" : {
    "statistic" : {
      "failed" : 0,
      "broken" : 0,
      "skipped" : 0,
      "passed" : 1,
      "unknown" : 0,
      "total" : 1
    },
    "items" : [ {
      "uid" : "fe3f951a45da7f67",
      "status" : "passed",
      "time" : {
        "start" : 1658856535907,
        "stop" : 1658856535995,
        "duration" : 88
      }
    } ]
  },
  "e92b4607780c2fb46c8432d049f3b3e1" : {
    "statistic" : {
      "failed" : 0,
      "broken" : 0,
      "skipped" : 0,
      "passed" : 1,
      "unknown" : 0,
      "total" : 1
    },
    "items" : [ {
      "uid" : "534e83cb4bdc1a9b",
      "status" : "passed",
      "time" : {
        "start" : 1658856534688,
        "stop" : 1658856534775,
        "duration" : 87
      }
    } ]
  },
  "646a5bdaf95238ef17608cece2ca77a2" : {
    "statistic" : {
      "failed" : 0,
      "broken" : 0,
      "skipped" : 0,
      "passed" : 1,
      "unknown" : 0,
      "total" : 1
    },
    "items" : [ {
      "uid" : "2bdb99889a5bb5c9",
      "status" : "passed",
      "time" : {
        "start" : 1658856535815,
        "stop" : 1658856535907,
        "duration" : 92
      }
    } ]
  },
  "954dc37e9655740abada8d31bcbb058d" : {
    "statistic" : {
      "failed" : 0,
      "broken" : 0,
      "skipped" : 0,
      "passed" : 1,
      "unknown" : 0,
      "total" : 1
    },
    "items" : [ {
      "uid" : "1411d963872d8c7c",
      "status" : "passed",
      "time" : {
        "start" : 1658856534865,
        "stop" : 1658856534965,
        "duration" : 100
      }
    } ]
  },
  "f5073ffe5e5fb2986c8819569e38a4cf" : {
    "statistic" : {
      "failed" : 0,
      "broken" : 0,
      "skipped" : 0,
      "passed" : 1,
      "unknown" : 0,
      "total" : 1
    },
    "items" : [ {
      "uid" : "714786b05869e0d6",
      "status" : "passed",
      "time" : {
        "start" : 1658856535055,
        "stop" : 1658856535145,
        "duration" : 90
      }
    } ]
  },
  "19693d63c8e93297daa859f00153015e" : {
    "statistic" : {
      "failed" : 0,
      "broken" : 0,
      "skipped" : 0,
      "passed" : 1,
      "unknown" : 0,
      "total" : 1
    },
    "items" : [ {
      "uid" : "da08182cd90e5d2b",
      "status" : "passed",
      "time" : {
        "start" : 1658856534775,
        "stop" : 1658856534865,
        "duration" : 90
      }
    } ]
  },
  "204c876f80f983dd2f1020fdb1e85e99" : {
    "statistic" : {
      "failed" : 0,
      "broken" : 0,
      "skipped" : 0,
      "passed" : 1,
      "unknown" : 0,
      "total" : 1
    },
    "items" : [ {
      "uid" : "bdef55f0bb25bbf",
      "status" : "passed",
      "time" : {
        "start" : 1658856535535,
        "stop" : 1658856535625,
        "duration" : 90
      }
    } ]
  }
}